date,symbol,close,tradecount
03-03-2023,1INCHBTC,2.36E-05,2873
02-03-2023,1INCHBTC,2.41E-05,1720
01-03-2023,1INCHBTC,2.49E-05,5954
26-02-2023,1INCHBTC,2.47E-05,3119
25-02-2023,1INCHBTC,2.51E-05,2253
24-02-2023,1INCHBTC,2.59E-05,2955
23-02-2023,1INCHBTC,2.59E-05,3847
22-02-2023,1INCHBTC,2.65E-05,6032
21-02-2023,1INCHBTC,2.81E-05,15114
20-02-2023,1INCHBTC,2.46E-05,4740
19-02-2023,1INCHBTC,2.37E-05,4301
18-02-2023,1INCHBTC,2.34E-05,2341
17-02-2023,1INCHBTC,2.31E-05,2934
16-02-2023,1INCHBTC,2.30E-05,2497
15-02-2023,1INCHBTC,2.33E-05,3652
13-02-2023,1INCHBTC,2.43E-05,2837
12-02-2023,1INCHBTC,2.45E-05,3079
11-02-2023,1INCHBTC,2.47E-05,1013
10-02-2023,1INCHBTC,2.46E-05,1777
09-02-2023,1INCHBTC,2.42E-05,4446
08-02-2023,1INCHBTC,2.46E-05,2090
07-02-2023,1INCHBTC,2.52E-05,3956
06-02-2023,1INCHBTC,2.44E-05,3257
05-02-2023,1INCHBTC,2.44E-05,6293
04-02-2023,1INCHBTC,2.49E-05,4488
03-02-2023,1INCHBTC,2.41E-05,3300
02-02-2023,1INCHBTC,2.30E-05,3682
01-02-2023,1INCHBTC,2.23E-05,1902
31-01-2023,1INCHBTC,2.22E-05,842
30-01-2023,1INCHBTC,2.23E-05,2343
29-01-2023,1INCHBTC,2.28E-05,1683
28-01-2023,1INCHBTC,2.30E-05,1958
27-01-2023,1INCHBTC,2.33E-05,3007
26-01-2023,1INCHBTC,2.29E-05,2652
25-01-2023,1INCHBTC,2.31E-05,8686
24-01-2023,1INCHBTC,2.27E-05,2020
23-01-2023,1INCHBTC,2.34E-05,4588
22-01-2023,1INCHBTC,2.26E-05,3495
21-01-2023,1INCHBTC,2.20E-05,3028
20-01-2023,1INCHBTC,2.18E-05,1235
19-01-2023,1INCHBTC,2.20E-05,4117
18-01-2023,1INCHBTC,2.16E-05,2266
17-01-2023,1INCHBTC,2.27E-05,1550
16-01-2023,1INCHBTC,2.30E-05,3721
15-01-2023,1INCHBTC,2.39E-05,2951
14-01-2023,1INCHBTC,2.29E-05,4326
13-01-2023,1INCHBTC,2.34E-05,1490
12-01-2023,1INCHBTC,2.40E-05,2331
11-01-2023,1INCHBTC,2.43E-05,1168
10-01-2023,1INCHBTC,2.48E-05,2287
09-01-2023,1INCHBTC,2.46E-05,3678
08-01-2023,1INCHBTC,2.39E-05,3454
07-01-2023,1INCHBTC,2.35E-05,1203
06-01-2023,1INCHBTC,2.34E-05,910
05-01-2023,1INCHBTC,2.31E-05,2762
04-01-2023,1INCHBTC,2.35E-05,700
03-01-2023,1INCHBTC,2.32E-05,549
02-01-2023,1INCHBTC,2.37E-05,831
01-01-2023,1INCHBTC,2.32E-05,212
31-12-2022,1INCHBTC,2.32E-05,550
30-12-2022,1INCHBTC,2.27E-05,499
29-12-2022,1INCHBTC,2.29E-05,677
28-12-2022,1INCHBTC,2.32E-05,848
27-12-2022,1INCHBTC,2.40E-05,868
26-12-2022,1INCHBTC,2.40E-05,449
25-12-2022,1INCHBTC,2.37E-05,420
24-12-2022,1INCHBTC,2.37E-05,291
23-12-2022,1INCHBTC,2.37E-05,405
22-12-2022,1INCHBTC,2.36E-05,380
21-12-2022,1INCHBTC,2.37E-05,458
20-12-2022,1INCHBTC,2.39E-05,820
19-12-2022,1INCHBTC,2.32E-05,1183
18-12-2022,1INCHBTC,2.33E-05,514
17-12-2022,1INCHBTC,2.33E-05,1064
16-12-2022,1INCHBTC,2.31E-05,2637
15-12-2022,1INCHBTC,2.44E-05,641
14-12-2022,1INCHBTC,2.42E-05,936
13-12-2022,1INCHBTC,2.48E-05,1366
12-12-2022,1INCHBTC,2.51E-05,2450
11-12-2022,1INCHBTC,2.55E-05,897
10-12-2022,1INCHBTC,2.59E-05,682
09-12-2022,1INCHBTC,2.58E-05,1115
08-12-2022,1INCHBTC,2.60E-05,1669
07-12-2022,1INCHBTC,2.64E-05,3549
06-12-2022,1INCHBTC,2.78E-05,3164
05-12-2022,1INCHBTC,2.85E-05,2751
04-12-2022,1INCHBTC,2.90E-05,1046
03-12-2022,1INCHBTC,2.89E-05,6231
02-12-2022,1INCHBTC,2.95E-05,3015
01-12-2022,1INCHBTC,3.01E-05,1375
30-11-2022,1INCHBTC,3.06E-05,1640
29-11-2022,1INCHBTC,3.16E-05,1012
28-11-2022,1INCHBTC,3.19E-05,2427
27-11-2022,1INCHBTC,3.16E-05,5865
26-11-2022,1INCHBTC,3.15E-05,1484
25-11-2022,1INCHBTC,3.13E-05,2573
24-11-2022,1INCHBTC,3.18E-05,1529
23-11-2022,1INCHBTC,3.28E-05,2255
22-11-2022,1INCHBTC,3.31E-05,3925
21-11-2022,1INCHBTC,3.18E-05,2160
20-11-2022,1INCHBTC,3.10E-05,1328
19-11-2022,1INCHBTC,3.21E-05,1438
18-11-2022,1INCHBTC,3.16E-05,2149
17-11-2022,1INCHBTC,3.09E-05,14573
16-11-2022,1INCHBTC,3.14E-05,2143
15-11-2022,1INCHBTC,3.14E-05,2425
14-11-2022,1INCHBTC,3.10E-05,4708
13-11-2022,1INCHBTC,3.19E-05,10205
12-11-2022,1INCHBTC,3.02E-05,9573
11-11-2022,1INCHBTC,3.28E-05,3330
10-11-2022,1INCHBTC,3.23E-05,5987
09-11-2022,1INCHBTC,3.33E-05,9795
08-11-2022,1INCHBTC,2.99E-05,10238
07-11-2022,1INCHBTC,3.09E-05,4312
06-11-2022,1INCHBTC,3.04E-05,4366
05-11-2022,1INCHBTC,3.03E-05,2910
04-11-2022,1INCHBTC,3.09E-05,3447
03-11-2022,1INCHBTC,3.01E-05,4537
02-11-2022,1INCHBTC,2.93E-05,3102
01-11-2022,1INCHBTC,2.96E-05,1121
31-10-2022,1INCHBTC,2.99E-05,3843
30-10-2022,1INCHBTC,2.98E-05,2554
29-10-2022,1INCHBTC,3.00E-05,2565
28-10-2022,1INCHBTC,2.98E-05,3317
27-10-2022,1INCHBTC,2.93E-05,2226
26-10-2022,1INCHBTC,2.94E-05,3550
25-10-2022,1INCHBTC,2.90E-05,1724
24-10-2022,1INCHBTC,2.93E-05,1450
23-10-2022,1INCHBTC,2.96E-05,1219
22-10-2022,1INCHBTC,2.98E-05,929
21-10-2022,1INCHBTC,2.97E-05,2766
20-10-2022,1INCHBTC,2.96E-05,2624
19-10-2022,1INCHBTC,2.96E-05,2636
18-10-2022,1INCHBTC,2.95E-05,2130
17-10-2022,1INCHBTC,2.95E-05,794
16-10-2022,1INCHBTC,2.96E-05,1063
15-10-2022,1INCHBTC,2.95E-05,1476
14-10-2022,1INCHBTC,2.92E-05,2368
13-10-2022,1INCHBTC,2.91E-05,4597
12-10-2022,1INCHBTC,2.98E-05,1497
11-10-2022,1INCHBTC,2.95E-05,2451
10-10-2022,1INCHBTC,3.01E-05,3212
09-10-2022,1INCHBTC,3.13E-05,1666
08-10-2022,1INCHBTC,3.09E-05,4297
07-10-2022,1INCHBTC,3.15E-05,16081
06-10-2022,1INCHBTC,2.88E-05,1584
05-10-2022,1INCHBTC,2.90E-05,1362
04-10-2022,1INCHBTC,2.88E-05,1278
03-10-2022,1INCHBTC,2.92E-05,1824
02-10-2022,1INCHBTC,2.90E-05,1675
01-10-2022,1INCHBTC,2.98E-05,962
30-09-2022,1INCHBTC,2.97E-05,2650
29-09-2022,1INCHBTC,2.98E-05,2118
28-09-2022,1INCHBTC,3.02E-05,4396
27-09-2022,1INCHBTC,3.18E-05,6585
26-09-2022,1INCHBTC,3.25E-05,4904
25-09-2022,1INCHBTC,3.20E-05,2290
24-09-2022,1INCHBTC,3.20E-05,1360
23-09-2022,1INCHBTC,3.15E-05,3857
22-09-2022,1INCHBTC,3.05E-05,2141
21-09-2022,1INCHBTC,3.04E-05,3403
20-09-2022,1INCHBTC,3.18E-05,2651
19-09-2022,1INCHBTC,3.05E-05,3632
18-09-2022,1INCHBTC,2.94E-05,4486
17-09-2022,1INCHBTC,3.13E-05,1274
16-09-2022,1INCHBTC,3.12E-05,2912
15-09-2022,1INCHBTC,3.00E-05,2187
14-09-2022,1INCHBTC,3.03E-05,2343
13-09-2022,1INCHBTC,2.95E-05,3660
12-09-2022,1INCHBTC,2.89E-05,3354
11-09-2022,1INCHBTC,2.97E-05,2467
10-09-2022,1INCHBTC,3.03E-05,2716
09-09-2022,1INCHBTC,3.08E-05,3998
08-09-2022,1INCHBTC,3.30E-05,2420
07-09-2022,1INCHBTC,3.27E-05,2428
06-09-2022,1INCHBTC,3.24E-05,4200
05-09-2022,1INCHBTC,3.34E-05,2176
04-09-2022,1INCHBTC,3.37E-05,2681
03-09-2022,1INCHBTC,3.47E-05,1715
02-09-2022,1INCHBTC,3.57E-05,7855
01-09-2022,1INCHBTC,3.32E-05,2344
31-08-2022,1INCHBTC,3.31E-05,3288
30-08-2022,1INCHBTC,3.30E-05,1464
29-08-2022,1INCHBTC,3.31E-05,1863
28-08-2022,1INCHBTC,3.22E-05,1611
27-08-2022,1INCHBTC,3.26E-05,1607
26-08-2022,1INCHBTC,3.26E-05,2995
25-08-2022,1INCHBTC,3.45E-05,2061
24-08-2022,1INCHBTC,3.38E-05,2434
23-08-2022,1INCHBTC,3.36E-05,3634
22-08-2022,1INCHBTC,3.27E-05,1298
21-08-2022,1INCHBTC,3.26E-05,1959
20-08-2022,1INCHBTC,3.20E-05,2913
19-08-2022,1INCHBTC,3.27E-05,5169
18-08-2022,1INCHBTC,3.16E-05,4012
17-08-2022,1INCHBTC,3.31E-05,4012
16-08-2022,1INCHBTC,3.42E-05,3551
15-08-2022,1INCHBTC,3.40E-05,3818
14-08-2022,1INCHBTC,3.46E-05,3986
13-08-2022,1INCHBTC,3.57E-05,4539
12-08-2022,1INCHBTC,3.61E-05,4077
11-08-2022,1INCHBTC,3.61E-05,3672
10-08-2022,1INCHBTC,3.68E-05,5701
09-08-2022,1INCHBTC,3.49E-05,5524
08-08-2022,1INCHBTC,3.51E-05,4058
07-08-2022,1INCHBTC,3.48E-05,2873
06-08-2022,1INCHBTC,3.52E-05,2549
05-08-2022,1INCHBTC,3.57E-05,4579
04-08-2022,1INCHBTC,3.53E-05,4697
03-08-2022,1INCHBTC,3.36E-05,4833
02-08-2022,1INCHBTC,3.23E-05,5515
01-08-2022,1INCHBTC,3.31E-05,5073
31-07-2022,1INCHBTC,3.26E-05,6277
30-07-2022,1INCHBTC,3.24E-05,6627
29-07-2022,1INCHBTC,3.20E-05,4776
28-07-2022,1INCHBTC,3.24E-05,7145
27-07-2022,1INCHBTC,3.03E-05,2994
26-07-2022,1INCHBTC,2.99E-05,2204
25-07-2022,1INCHBTC,2.92E-05,1992
24-07-2022,1INCHBTC,2.99E-05,1527
23-07-2022,1INCHBTC,3.03E-05,2315
22-07-2022,1INCHBTC,2.92E-05,2106
21-07-2022,1INCHBTC,2.97E-05,2025
20-07-2022,1INCHBTC,2.91E-05,4318
19-07-2022,1INCHBTC,3.14E-05,5605
18-07-2022,1INCHBTC,3.18E-05,6739
17-07-2022,1INCHBTC,3.10E-05,3631
16-07-2022,1INCHBTC,3.14E-05,4083
15-07-2022,1INCHBTC,3.14E-05,7422
14-07-2022,1INCHBTC,2.99E-05,3023
13-07-2022,1INCHBTC,2.94E-05,2028
12-07-2022,1INCHBTC,2.89E-05,2441
11-07-2022,1INCHBTC,2.96E-05,1851
10-07-2022,1INCHBTC,3.06E-05,1850
09-07-2022,1INCHBTC,3.23E-05,1897
08-07-2022,1INCHBTC,3.19E-05,4246
07-07-2022,1INCHBTC,2.98E-05,2745
06-07-2022,1INCHBTC,3.04E-05,3264
05-07-2022,1INCHBTC,3.09E-05,4876
04-07-2022,1INCHBTC,3.15E-05,4000
03-07-2022,1INCHBTC,3.25E-05,3273
02-07-2022,1INCHBTC,3.30E-05,3645
01-07-2022,1INCHBTC,3.39E-05,4414
30-06-2022,1INCHBTC,3.49E-05,5570
29-06-2022,1INCHBTC,3.52E-05,6017
28-06-2022,1INCHBTC,3.66E-05,12135
27-06-2022,1INCHBTC,3.25E-05,4315
26-06-2022,1INCHBTC,3.29E-05,5014
25-06-2022,1INCHBTC,3.39E-05,4292
24-06-2022,1INCHBTC,3.55E-05,7615
23-06-2022,1INCHBTC,3.38E-05,4065
22-06-2022,1INCHBTC,3.44E-05,8078
21-06-2022,1INCHBTC,3.33E-05,7730
20-06-2022,1INCHBTC,3.33E-05,7275
19-06-2022,1INCHBTC,2.82E-05,2254
18-06-2022,1INCHBTC,2.91E-05,2613
17-06-2022,1INCHBTC,2.88E-05,1854
16-06-2022,1INCHBTC,2.82E-05,2766
15-06-2022,1INCHBTC,2.79E-05,5058
14-06-2022,1INCHBTC,2.68E-05,3773
13-06-2022,1INCHBTC,2.67E-05,5224
12-06-2022,1INCHBTC,2.45E-05,2386
11-06-2022,1INCHBTC,2.45E-05,1974
10-06-2022,1INCHBTC,2.61E-05,2147
09-06-2022,1INCHBTC,2.66E-05,1384
08-06-2022,1INCHBTC,2.71E-05,2075
07-06-2022,1INCHBTC,2.72E-05,3443
06-06-2022,1INCHBTC,2.79E-05,2353
05-06-2022,1INCHBTC,2.87E-05,1190
04-06-2022,1INCHBTC,2.91E-05,2686
03-06-2022,1INCHBTC,2.94E-05,4479
02-06-2022,1INCHBTC,3.06E-05,5566
01-06-2022,1INCHBTC,3.19E-05,6376
31-05-2022,1INCHBTC,3.05E-05,6265
30-05-2022,1INCHBTC,3.17E-05,6276
29-05-2022,1INCHBTC,3.12E-05,1969
28-05-2022,1INCHBTC,3.16E-05,5080
27-05-2022,1INCHBTC,3.14E-05,5120
26-05-2022,1INCHBTC,3.13E-05,3414
25-05-2022,1INCHBTC,3.27E-05,4652
24-05-2022,1INCHBTC,3.36E-05,5429
23-05-2022,1INCHBTC,3.27E-05,6027
22-05-2022,1INCHBTC,3.29E-05,3635
21-05-2022,1INCHBTC,3.27E-05,1710
20-05-2022,1INCHBTC,3.13E-05,1586
19-05-2022,1INCHBTC,3.07E-05,3555
18-05-2022,1INCHBTC,3.16E-05,5037
17-05-2022,1INCHBTC,3.15E-05,4561
16-05-2022,1INCHBTC,3.09E-05,5178
15-05-2022,1INCHBTC,3.13E-05,4940
14-05-2022,1INCHBTC,3.13E-05,7715
13-05-2022,1INCHBTC,3.13E-05,6819
12-05-2022,1INCHBTC,2.78E-05,13672
11-05-2022,1INCHBTC,3.48E-05,16050
10-05-2022,1INCHBTC,3.36E-05,9970
09-05-2022,1INCHBTC,3.35E-05,14583
08-05-2022,1INCHBTC,3.82E-05,5825
07-05-2022,1INCHBTC,3.67E-05,6910
06-05-2022,1INCHBTC,3.76E-05,11668
05-05-2022,1INCHBTC,3.52E-05,11768
04-05-2022,1INCHBTC,3.24E-05,4667
03-05-2022,1INCHBTC,3.11E-05,3888
02-05-2022,1INCHBTC,3.05E-05,3878
01-05-2022,1INCHBTC,3.01E-05,3338
30-04-2022,1INCHBTC,2.98E-05,5393
29-04-2022,1INCHBTC,3.26E-05,2039
28-04-2022,1INCHBTC,3.28E-05,3124
27-04-2022,1INCHBTC,3.37E-05,1940
26-04-2022,1INCHBTC,3.38E-05,2699
25-04-2022,1INCHBTC,3.51E-05,3162
24-04-2022,1INCHBTC,3.60E-05,2068
23-04-2022,1INCHBTC,3.66E-05,3730
22-04-2022,1INCHBTC,3.71E-05,4193
21-04-2022,1INCHBTC,3.69E-05,5563
20-04-2022,1INCHBTC,3.73E-05,2301
19-04-2022,1INCHBTC,3.72E-05,1637
18-04-2022,1INCHBTC,3.66E-05,2206
17-04-2022,1INCHBTC,3.68E-05,4229
16-04-2022,1INCHBTC,3.74E-05,3253
15-04-2022,1INCHBTC,3.74E-05,4062
14-04-2022,1INCHBTC,3.79E-05,4958
13-04-2022,1INCHBTC,3.77E-05,2128
12-04-2022,1INCHBTC,3.78E-05,5132
11-04-2022,1INCHBTC,3.70E-05,4420
10-04-2022,1INCHBTC,3.76E-05,2756
09-04-2022,1INCHBTC,3.89E-05,3785
08-04-2022,1INCHBTC,3.73E-05,4766
07-04-2022,1INCHBTC,3.82E-05,3498
06-04-2022,1INCHBTC,3.71E-05,5799
05-04-2022,1INCHBTC,4.03E-05,5388
04-04-2022,1INCHBTC,4.08E-05,7449
03-04-2022,1INCHBTC,4.26E-05,6855
02-04-2022,1INCHBTC,4.20E-05,14851
01-04-2022,1INCHBTC,4.07E-05,5266
31-03-2022,1INCHBTC,3.90E-05,9395
30-03-2022,1INCHBTC,3.90E-05,5803
29-03-2022,1INCHBTC,3.78E-05,6146
28-03-2022,1INCHBTC,3.66E-05,5987
27-03-2022,1INCHBTC,3.73E-05,9484
26-03-2022,1INCHBTC,3.65E-05,6240
25-03-2022,1INCHBTC,3.55E-05,7584
24-03-2022,1INCHBTC,3.70E-05,9090
23-03-2022,1INCHBTC,3.76E-05,7470
22-03-2022,1INCHBTC,3.65E-05,7111
21-03-2022,1INCHBTC,3.73E-05,7962
20-03-2022,1INCHBTC,3.77E-05,8150
19-03-2022,1INCHBTC,3.87E-05,10903
18-03-2022,1INCHBTC,3.81E-05,14894
17-03-2022,1INCHBTC,3.62E-05,6896
16-03-2022,1INCHBTC,3.67E-05,15410
15-03-2022,1INCHBTC,3.44E-05,3539
14-03-2022,1INCHBTC,3.36E-05,5121
13-03-2022,1INCHBTC,3.47E-05,5515
12-03-2022,1INCHBTC,3.43E-05,5946
11-03-2022,1INCHBTC,3.41E-05,3811
10-03-2022,1INCHBTC,3.48E-05,5243
09-03-2022,1INCHBTC,3.28E-05,2989
08-03-2022,1INCHBTC,3.35E-05,2040
07-03-2022,1INCHBTC,3.35E-05,2478
06-03-2022,1INCHBTC,3.39E-05,2279
05-03-2022,1INCHBTC,3.45E-05,2071
04-03-2022,1INCHBTC,3.45E-05,3010
03-03-2022,1INCHBTC,3.39E-05,2525
02-03-2022,1INCHBTC,3.40E-05,3355
01-03-2022,1INCHBTC,3.42E-05,3898
28-02-2022,1INCHBTC,3.48E-05,4342
27-02-2022,1INCHBTC,3.67E-05,3316
26-02-2022,1INCHBTC,3.67E-05,1520
25-02-2022,1INCHBTC,3.70E-05,2930
24-02-2022,1INCHBTC,3.49E-05,4557
23-02-2022,1INCHBTC,3.72E-05,2143
22-02-2022,1INCHBTC,3.72E-05,2663
21-02-2022,1INCHBTC,3.69E-05,3207
20-02-2022,1INCHBTC,3.86E-05,3131
19-02-2022,1INCHBTC,3.95E-05,5344
18-02-2022,1INCHBTC,3.96E-05,5160
17-02-2022,1INCHBTC,4.09E-05,6777
16-02-2022,1INCHBTC,4.11E-05,4707
15-02-2022,1INCHBTC,4.04E-05,3250
14-02-2022,1INCHBTC,3.99E-05,3738
13-02-2022,1INCHBTC,3.94E-05,3503
12-02-2022,1INCHBTC,4.00E-05,3421
11-02-2022,1INCHBTC,4.05E-05,5884
10-02-2022,1INCHBTC,4.14E-05,6006
09-02-2022,1INCHBTC,4.33E-05,4558
08-02-2022,1INCHBTC,4.22E-05,6258
07-02-2022,1INCHBTC,4.43E-05,4131
06-02-2022,1INCHBTC,4.39E-05,4109
05-02-2022,1INCHBTC,4.32E-05,3487
04-02-2022,1INCHBTC,4.25E-05,3505
03-02-2022,1INCHBTC,4.45E-05,2161
02-02-2022,1INCHBTC,4.42E-05,3183
01-02-2022,1INCHBTC,4.41E-05,3449
31-01-2022,1INCHBTC,4.37E-05,3500
30-01-2022,1INCHBTC,4.38E-05,3811
29-01-2022,1INCHBTC,4.49E-05,3538
28-01-2022,1INCHBTC,4.37E-05,3054
27-01-2022,1INCHBTC,4.28E-05,2713
26-01-2022,1INCHBTC,4.41E-05,5916
25-01-2022,1INCHBTC,4.30E-05,2521
24-01-2022,1INCHBTC,4.33E-05,4344
23-01-2022,1INCHBTC,4.66E-05,4020
22-01-2022,1INCHBTC,4.60E-05,7456
21-01-2022,1INCHBTC,5.06E-05,6856
20-01-2022,1INCHBTC,5.00E-05,3637
19-01-2022,1INCHBTC,5.02E-05,6086
18-01-2022,1INCHBTC,5.18E-05,5264
17-01-2022,1INCHBTC,5.32E-05,6163
16-01-2022,1INCHBTC,5.65E-05,9316
15-01-2022,1INCHBTC,5.54E-05,5586
14-01-2022,1INCHBTC,5.50E-05,6623
13-01-2022,1INCHBTC,5.50E-05,22675
12-01-2022,1INCHBTC,5.12E-05,3587
11-01-2022,1INCHBTC,5.02E-05,2943
10-01-2022,1INCHBTC,4.96E-05,4738
09-01-2022,1INCHBTC,5.14E-05,2798
08-01-2022,1INCHBTC,5.11E-05,5173
07-01-2022,1INCHBTC,5.25E-05,6051
06-01-2022,1INCHBTC,5.44E-05,6891
05-01-2022,1INCHBTC,5.34E-05,8148
04-01-2022,1INCHBTC,5.41E-05,5506
03-01-2022,1INCHBTC,5.52E-05,7566
02-01-2022,1INCHBTC,5.40E-05,4907
01-01-2022,1INCHBTC,5.30E-05,2846
31-12-2021,1INCHBTC,5.18E-05,3587
30-12-2021,1INCHBTC,5.23E-05,6179
29-12-2021,1INCHBTC,5.21E-05,6166
28-12-2021,1INCHBTC,5.35E-05,8869
27-12-2021,1INCHBTC,5.51E-05,8519
26-12-2021,1INCHBTC,5.43E-05,6966
25-12-2021,1INCHBTC,5.43E-05,7756
24-12-2021,1INCHBTC,5.42E-05,14020
23-12-2021,1INCHBTC,5.56E-05,19501
22-12-2021,1INCHBTC,5.10E-05,6733
21-12-2021,1INCHBTC,4.99E-05,4387
20-12-2021,1INCHBTC,5.11E-05,6579
19-12-2021,1INCHBTC,5.19E-05,7446
18-12-2021,1INCHBTC,5.30E-05,7929
17-12-2021,1INCHBTC,5.28E-05,11576
16-12-2021,1INCHBTC,5.40E-05,8858
15-12-2021,1INCHBTC,5.22E-05,8244
14-12-2021,1INCHBTC,5.27E-05,10474
13-12-2021,1INCHBTC,5.14E-05,10508
12-12-2021,1INCHBTC,5.09E-05,4595
11-12-2021,1INCHBTC,5.23E-05,4797
10-12-2021,1INCHBTC,5.27E-05,7362
09-12-2021,1INCHBTC,5.26E-05,13765
08-12-2021,1INCHBTC,5.46E-05,6549
07-12-2021,1INCHBTC,5.29E-05,9620
06-12-2021,1INCHBTC,5.26E-05,11304
05-12-2021,1INCHBTC,5.34E-05,14809
04-12-2021,1INCHBTC,5.45E-05,25953
03-12-2021,1INCHBTC,5.85E-05,10150
02-12-2021,1INCHBTC,6.15E-05,11585
01-12-2021,1INCHBTC,6.44E-05,43765
30-11-2021,1INCHBTC,6.23E-05,9977
29-11-2021,1INCHBTC,6.50E-05,8340
28-11-2021,1INCHBTC,6.37E-05,9875
27-11-2021,1INCHBTC,6.76E-05,8349
26-11-2021,1INCHBTC,6.83E-05,26674
25-11-2021,1INCHBTC,7.21E-05,22031
24-11-2021,1INCHBTC,6.98E-05,19488
23-11-2021,1INCHBTC,7.01E-05,15524
22-11-2021,1INCHBTC,6.78E-05,11989
21-11-2021,1INCHBTC,6.80E-05,16480
20-11-2021,1INCHBTC,6.67E-05,11299
19-11-2021,1INCHBTC,6.70E-05,12074
18-11-2021,1INCHBTC,6.24E-05,8608
17-11-2021,1INCHBTC,6.50E-05,6336
16-11-2021,1INCHBTC,6.40E-05,9810
15-11-2021,1INCHBTC,6.59E-05,5221
14-11-2021,1INCHBTC,6.54E-05,7274
13-11-2021,1INCHBTC,6.64E-05,8759
12-11-2021,1INCHBTC,6.49E-05,7745
11-11-2021,1INCHBTC,6.60E-05,12248
10-11-2021,1INCHBTC,6.30E-05,21714
09-11-2021,1INCHBTC,6.62E-05,7805
08-11-2021,1INCHBTC,6.86E-05,8847
07-11-2021,1INCHBTC,7.22E-05,9534
06-11-2021,1INCHBTC,7.17E-05,9223
05-11-2021,1INCHBTC,7.20E-05,8785
04-11-2021,1INCHBTC,7.34E-05,14783
03-11-2021,1INCHBTC,7.04E-05,13270
02-11-2021,1INCHBTC,7.31E-05,14450
01-11-2021,1INCHBTC,7.49E-05,17502
31-10-2021,1INCHBTC,7.46E-05,20094
30-10-2021,1INCHBTC,7.59E-05,14764
29-10-2021,1INCHBTC,8.12E-05,19090
28-10-2021,1INCHBTC,8.49E-05,46250
27-10-2021,1INCHBTC,9.78E-05,190414
26-10-2021,1INCHBTC,6.55E-05,11427
25-10-2021,1INCHBTC,6.43E-05,10491
24-10-2021,1INCHBTC,6.25E-05,12784
23-10-2021,1INCHBTC,6.56E-05,12903
22-10-2021,1INCHBTC,6.63E-05,18228
21-10-2021,1INCHBTC,6.65E-05,26257
20-10-2021,1INCHBTC,6.32E-05,20729
19-10-2021,1INCHBTC,5.80E-05,11686
18-10-2021,1INCHBTC,5.56E-05,14084
17-10-2021,1INCHBTC,5.66E-05,13902
16-10-2021,1INCHBTC,5.27E-05,4065
15-10-2021,1INCHBTC,5.25E-05,14996
14-10-2021,1INCHBTC,5.86E-05,23224
13-10-2021,1INCHBTC,5.15E-05,6023
12-10-2021,1INCHBTC,5.17E-05,6856
11-10-2021,1INCHBTC,5.05E-05,7911
10-10-2021,1INCHBTC,5.41E-05,6106
09-10-2021,1INCHBTC,5.82E-05,4720
08-10-2021,1INCHBTC,5.86E-05,7595
07-10-2021,1INCHBTC,5.82E-05,9313
06-10-2021,1INCHBTC,5.63E-05,13012
05-10-2021,1INCHBTC,6.36E-05,12158
04-10-2021,1INCHBTC,6.44E-05,11683
03-10-2021,1INCHBTC,6.39E-05,16915
02-10-2021,1INCHBTC,6.39E-05,17818
01-10-2021,1INCHBTC,6.06E-05,15828
30-09-2021,1INCHBTC,5.83E-05,8964
29-09-2021,1INCHBTC,6.02E-05,11111
28-09-2021,1INCHBTC,5.79E-05,9777
27-09-2021,1INCHBTC,5.99E-05,16430
26-09-2021,1INCHBTC,6.20E-05,21128
25-09-2021,1INCHBTC,5.84E-05,6213
24-09-2021,1INCHBTC,5.95E-05,8713
23-09-2021,1INCHBTC,6.20E-05,11943
22-09-2021,1INCHBTC,6.04E-05,10617
21-09-2021,1INCHBTC,5.70E-05,10088
20-09-2021,1INCHBTC,5.99E-05,12973
19-09-2021,1INCHBTC,6.24E-05,9025
18-09-2021,1INCHBTC,6.49E-05,9264
17-09-2021,1INCHBTC,6.59E-05,11537
16-09-2021,1INCHBTC,6.98E-05,23915
15-09-2021,1INCHBTC,6.86E-05,13745
14-09-2021,1INCHBTC,6.52E-05,9570
13-09-2021,1INCHBTC,6.31E-05,7928
12-09-2021,1INCHBTC,6.49E-05,8941
11-09-2021,1INCHBTC,6.45E-05,6603
10-09-2021,1INCHBTC,6.41E-05,10795
09-09-2021,1INCHBTC,6.53E-05,13499
08-09-2021,1INCHBTC,6.34E-05,15923
07-09-2021,1INCHBTC,6.25E-05,36507
06-09-2021,1INCHBTC,7.04E-05,18477
05-09-2021,1INCHBTC,7.40E-05,23768
04-09-2021,1INCHBTC,7.37E-05,18315
03-09-2021,1INCHBTC,7.16E-05,16868
02-09-2021,1INCHBTC,6.80E-05,12118
01-09-2021,1INCHBTC,6.84E-05,15048
31-08-2021,1INCHBTC,6.48E-05,28051
30-08-2021,1INCHBTC,6.41E-05,6812
29-08-2021,1INCHBTC,6.47E-05,5716
28-08-2021,1INCHBTC,6.72E-05,25362
27-08-2021,1INCHBTC,6.55E-05,15197
26-08-2021,1INCHBTC,6.23E-05,10301
25-08-2021,1INCHBTC,6.48E-05,9616
24-08-2021,1INCHBTC,6.43E-05,13213
23-08-2021,1INCHBTC,6.88E-05,7878
22-08-2021,1INCHBTC,6.87E-05,8489
21-08-2021,1INCHBTC,6.88E-05,20039
20-08-2021,1INCHBTC,6.99E-05,19578
19-08-2021,1INCHBTC,7.33E-05,24829
18-08-2021,1INCHBTC,6.96E-05,21005
17-08-2021,1INCHBTC,6.89E-05,30683
16-08-2021,1INCHBTC,6.61E-05,18114
15-08-2021,1INCHBTC,6.48E-05,7641
14-08-2021,1INCHBTC,6.50E-05,10392
13-08-2021,1INCHBTC,6.43E-05,11872
12-08-2021,1INCHBTC,6.33E-05,13599
11-08-2021,1INCHBTC,6.45E-05,18457
10-08-2021,1INCHBTC,6.13E-05,12056
09-08-2021,1INCHBTC,5.96E-05,12081
08-08-2021,1INCHBTC,5.68E-05,8785
07-08-2021,1INCHBTC,6.06E-05,11274
06-08-2021,1INCHBTC,5.87E-05,10776
05-08-2021,1INCHBTC,5.92E-05,13153
04-08-2021,1INCHBTC,5.90E-05,10696
03-08-2021,1INCHBTC,5.82E-05,5921
02-08-2021,1INCHBTC,5.89E-05,6284
01-08-2021,1INCHBTC,5.81E-05,8958
31-07-2021,1INCHBTC,5.74E-05,11275
30-07-2021,1INCHBTC,5.46E-05,10160
29-07-2021,1INCHBTC,5.61E-05,5052
28-07-2021,1INCHBTC,5.47E-05,6482
27-07-2021,1INCHBTC,5.62E-05,10411
26-07-2021,1INCHBTC,5.75E-05,21865
25-07-2021,1INCHBTC,5.78E-05,10327
24-07-2021,1INCHBTC,5.96E-05,8765
23-07-2021,1INCHBTC,6.28E-05,12559
22-07-2021,1INCHBTC,6.31E-05,10890
21-07-2021,1INCHBTC,5.69E-05,6715
20-07-2021,1INCHBTC,5.74E-05,8150
19-07-2021,1INCHBTC,5.80E-05,7429
18-07-2021,1INCHBTC,6.37E-05,4148
17-07-2021,1INCHBTC,6.37E-05,4599
16-07-2021,1INCHBTC,6.27E-05,12291
15-07-2021,1INCHBTC,6.73E-05,6411
14-07-2021,1INCHBTC,6.99E-05,6351
13-07-2021,1INCHBTC,7.09E-05,4975
12-07-2021,1INCHBTC,7.32E-05,5500
11-07-2021,1INCHBTC,7.35E-05,4655
10-07-2021,1INCHBTC,7.42E-05,5414
09-07-2021,1INCHBTC,7.63E-05,8218
08-07-2021,1INCHBTC,7.63E-05,8257
07-07-2021,1INCHBTC,8.16E-05,10647
06-07-2021,1INCHBTC,8.28E-05,26201
05-07-2021,1INCHBTC,7.39E-05,8951
04-07-2021,1INCHBTC,7.17E-05,8225
03-07-2021,1INCHBTC,7.16E-05,6175
02-07-2021,1INCHBTC,7.07E-05,4035
01-07-2021,1INCHBTC,7.07E-05,4489
30-06-2021,1INCHBTC,7.24E-05,5630
29-06-2021,1INCHBTC,7.09E-05,7141
28-06-2021,1INCHBTC,7.16E-05,15140
27-06-2021,1INCHBTC,7.24E-05,5734
26-06-2021,1INCHBTC,7.30E-05,5622
25-06-2021,1INCHBTC,7.41E-05,7470
24-06-2021,1INCHBTC,7.87E-05,6631
23-06-2021,1INCHBTC,7.76E-05,10535
22-06-2021,1INCHBTC,7.39E-05,21433
21-06-2021,1INCHBTC,8.44E-05,24355
20-06-2021,1INCHBTC,9.54E-05,11666
19-06-2021,1INCHBTC,8.50E-05,6030
18-06-2021,1INCHBTC,8.83E-05,7358
17-06-2021,1INCHBTC,8.96E-05,15536
16-06-2021,1INCHBTC,9.37E-05,14987
15-06-2021,1INCHBTC,9.33E-05,17280
14-06-2021,1INCHBTC,9.10E-05,39778
13-06-2021,1INCHBTC,7.69E-05,9239
12-06-2021,1INCHBTC,7.69E-05,7040
11-06-2021,1INCHBTC,7.34E-05,7153
10-06-2021,1INCHBTC,8.22E-05,8986
09-06-2021,1INCHBTC,8.52E-05,24474
08-06-2021,1INCHBTC,9.29E-05,15614
07-06-2021,1INCHBTC,0.0001014,11366
06-06-2021,1INCHBTC,0.000109,20951
05-06-2021,1INCHBTC,0.00010377,35795
04-06-2021,1INCHBTC,9.16E-05,35371
03-06-2021,1INCHBTC,8.91E-05,14607
02-06-2021,1INCHBTC,8.98E-05,17664
01-06-2021,1INCHBTC,8.50E-05,9247
31-05-2021,1INCHBTC,8.61E-05,14768
30-05-2021,1INCHBTC,8.10E-05,10721
29-05-2021,1INCHBTC,7.42E-05,9683
28-05-2021,1INCHBTC,7.74E-05,16666
27-05-2021,1INCHBTC,8.52E-05,14966
26-05-2021,1INCHBTC,8.73E-05,23879
25-05-2021,1INCHBTC,7.54E-05,16005
24-05-2021,1INCHBTC,7.59E-05,22119
23-05-2021,1INCHBTC,6.74E-05,21728
22-05-2021,1INCHBTC,7.27E-05,17981
21-05-2021,1INCHBTC,8.34E-05,24132
20-05-2021,1INCHBTC,8.88E-05,29590
19-05-2021,1INCHBTC,8.75E-05,77104
18-05-2021,1INCHBTC,0.00012285,33970
17-05-2021,1INCHBTC,0.00010793,18391
16-05-2021,1INCHBTC,0.00011027,27246
15-05-2021,1INCHBTC,0.0001125,21098
14-05-2021,1INCHBTC,0.00011514,16615
13-05-2021,1INCHBTC,0.00011209,29773
12-05-2021,1INCHBTC,0.00011324,33334
11-05-2021,1INCHBTC,0.00011532,19949
10-05-2021,1INCHBTC,0.00011074,32550
09-05-2021,1INCHBTC,0.00012149,35762
08-05-2021,1INCHBTC,0.00012712,49783
07-05-2021,1INCHBTC,0.00011485,35107
06-05-2021,1INCHBTC,0.00011716,95965
05-05-2021,1INCHBTC,0.00010426,34531
04-05-2021,1INCHBTC,9.85E-05,24842
03-05-2021,1INCHBTC,0.00010263,18564
02-05-2021,1INCHBTC,9.48E-05,10000
01-05-2021,1INCHBTC,9.56E-05,10915
30-04-2021,1INCHBTC,9.78E-05,21701
29-04-2021,1INCHBTC,0.00010222,30755
28-04-2021,1INCHBTC,0.0001011,44552
27-04-2021,1INCHBTC,9.29E-05,22893
26-04-2021,1INCHBTC,8.42E-05,13298
25-04-2021,1INCHBTC,8.15E-05,7744
24-04-2021,1INCHBTC,7.88E-05,13568
23-04-2021,1INCHBTC,8.37E-05,24436
22-04-2021,1INCHBTC,8.87E-05,20473
21-04-2021,1INCHBTC,9.33E-05,23580
20-04-2021,1INCHBTC,8.90E-05,20918
19-04-2021,1INCHBTC,8.71E-05,19777
18-04-2021,1INCHBTC,9.44E-05,49348
17-04-2021,1INCHBTC,0.0001077,31913
16-04-2021,1INCHBTC,9.48E-05,20265
15-04-2021,1INCHBTC,9.63E-05,35597
14-04-2021,1INCHBTC,9.33E-05,25023
13-04-2021,1INCHBTC,8.83E-05,24723
12-04-2021,1INCHBTC,9.18E-05,25216
11-04-2021,1INCHBTC,9.45E-05,22340
10-04-2021,1INCHBTC,9.60E-05,41271
09-04-2021,1INCHBTC,0.000105,48548
08-04-2021,1INCHBTC,0.0001067,82030
07-04-2021,1INCHBTC,9.96E-05,87392
06-04-2021,1INCHBTC,8.92E-05,55166
05-04-2021,1INCHBTC,9.00E-05,50014
04-04-2021,1INCHBTC,7.85E-05,18389
03-04-2021,1INCHBTC,7.44E-05,26231
02-04-2021,1INCHBTC,7.93E-05,17705
01-04-2021,1INCHBTC,7.58E-05,15130
31-03-2021,1INCHBTC,7.38E-05,18158
30-03-2021,1INCHBTC,7.66E-05,22919
29-03-2021,1INCHBTC,7.99E-05,32429
28-03-2021,1INCHBTC,7.32E-05,13838
27-03-2021,1INCHBTC,7.15E-05,14453
26-03-2021,1INCHBTC,7.28E-05,15431
25-03-2021,1INCHBTC,7.14E-05,12727
24-03-2021,1INCHBTC,7.10E-05,19119
23-03-2021,1INCHBTC,7.51E-05,17973
22-03-2021,1INCHBTC,7.95E-05,22055
21-03-2021,1INCHBTC,8.15E-05,13726
20-03-2021,1INCHBTC,8.10E-05,20330
19-03-2021,1INCHBTC,8.43E-05,32697
18-03-2021,1INCHBTC,7.92E-05,27133
17-03-2021,1INCHBTC,8.54E-05,45259
16-03-2021,1INCHBTC,8.02E-05,34840
15-03-2021,1INCHBTC,7.09E-05,30539
14-03-2021,1INCHBTC,6.50E-05,16632
13-03-2021,1INCHBTC,6.70E-05,20237
12-03-2021,1INCHBTC,6.65E-05,19854
11-03-2021,1INCHBTC,6.92E-05,16219
10-03-2021,1INCHBTC,7.16E-05,30365
09-03-2021,1INCHBTC,8.08E-05,34334
08-03-2021,1INCHBTC,8.26E-05,34077
07-03-2021,1INCHBTC,7.82E-05,23534
06-03-2021,1INCHBTC,7.90E-05,10975
05-03-2021,1INCHBTC,7.65E-05,16791
04-03-2021,1INCHBTC,7.91E-05,18361
03-03-2021,1INCHBTC,8.08E-05,18417
02-03-2021,1INCHBTC,8.28E-05,23169
01-03-2021,1INCHBTC,8.31E-05,18257
28-02-2021,1INCHBTC,8.52E-05,29248
27-02-2021,1INCHBTC,9.01E-05,39006
26-02-2021,1INCHBTC,9.71E-05,107172
25-02-2021,1INCHBTC,8.35E-05,52466
24-02-2021,1INCHBTC,7.35E-05,31129
23-02-2021,1INCHBTC,7.55E-05,31191
22-02-2021,1INCHBTC,8.39E-05,28092
21-02-2021,1INCHBTC,8.81E-05,30294
20-02-2021,1INCHBTC,9.15E-05,61569
19-02-2021,1INCHBTC,8.25E-05,25193
18-02-2021,1INCHBTC,9.27E-05,22656
17-02-2021,1INCHBTC,9.27E-05,29198
16-02-2021,1INCHBTC,9.68E-05,26092
15-02-2021,1INCHBTC,0.00010325,50441
14-02-2021,1INCHBTC,0.000108,60742
13-02-2021,1INCHBTC,0.00012078,61299
12-02-2021,1INCHBTC,0.00011099,57253
11-02-2021,1INCHBTC,0.00011721,69126
10-02-2021,1INCHBTC,0.00010904,44932
09-02-2021,1INCHBTC,0.0001087,52318
08-02-2021,1INCHBTC,0.00011478,47052
07-02-2021,1INCHBTC,0.00012768,49688
06-02-2021,1INCHBTC,0.00013405,62424
05-02-2021,1INCHBTC,0.0001522,63835
04-02-2021,1INCHBTC,0.00015043,73946
03-02-2021,1INCHBTC,0.00013408,43823
02-02-2021,1INCHBTC,0.00013164,44248
01-02-2021,1INCHBTC,0.00014968,78032
31-01-2021,1INCHBTC,0.00014914,137755
30-01-2021,1INCHBTC,0.0001339,85900
29-01-2021,1INCHBTC,9.82E-05,45608
28-01-2021,1INCHBTC,9.33E-05,49565
27-01-2021,1INCHBTC,8.23E-05,35736
26-01-2021,1INCHBTC,8.27E-05,37315
25-01-2021,1INCHBTC,7.30E-05,48788
24-01-2021,1INCHBTC,7.67E-05,38515
23-01-2021,1INCHBTC,6.02E-05,16904
22-01-2021,1INCHBTC,5.33E-05,19189
21-01-2021,1INCHBTC,5.09E-05,15944
20-01-2021,1INCHBTC,5.19E-05,14725
19-01-2021,1INCHBTC,5.30E-05,23100
18-01-2021,1INCHBTC,5.14E-05,31846
17-01-2021,1INCHBTC,5.68E-05,52770
16-01-2021,1INCHBTC,4.53E-05,35608
15-01-2021,1INCHBTC,3.67E-05,20569
14-01-2021,1INCHBTC,3.42E-05,11766
13-01-2021,1INCHBTC,3.41E-05,18125
12-01-2021,1INCHBTC,3.31E-05,11192
11-01-2021,1INCHBTC,3.17E-05,14249
10-01-2021,1INCHBTC,3.15E-05,17726
09-01-2021,1INCHBTC,3.10E-05,15146
08-01-2021,1INCHBTC,2.93E-05,20074
07-01-2021,1INCHBTC,3.28E-05,23137
06-01-2021,1INCHBTC,4.11E-05,26073
05-01-2021,1INCHBTC,3.69E-05,19833
04-01-2021,1INCHBTC,3.23E-05,19503
03-01-2021,1INCHBTC,3.35E-05,18387
02-01-2021,1INCHBTC,3.19E-05,14866
01-01-2021,1INCHBTC,3.93E-05,23968
31-12-2020,1INCHBTC,4.72E-05,63014
30-12-2020,1INCHBTC,3.77E-05,63077
29-12-2020,1INCHBTC,3.24E-05,48704
28-12-2020,1INCHBTC,4.12E-05,42828
27-12-2020,1INCHBTC,4.03E-05,83251
26-12-2020,1INCHBTC,6.02E-05,93597
25-12-2020,1INCHBTC,9.32E-05,226447
